store_id,transaction_id,timestamp,basket_value_inr
STORE_MUM_001,TXN_STORE_MUM_001_0341,2026-03-03T09:17:52Z,1401
STORE_HYD_001,TXN_STORE_HYD_001_0068,2026-03-03T09:22:57Z,4669
STORE_BLR_002,TXN_STORE_BLR_002_0185,2026-03-03T09:24:25Z,3512
STORE_DEL_001,TXN_STORE_DEL_001_0071,2026-03-03T09:29:34Z,4917
STORE_BLR_002,TXN_STORE_BLR_002_0288,2026-03-03T09:32:42Z,1896
STORE_MUM_001,TXN_STORE_MUM_001_0206,2026-03-03T09:34:00Z,356
STORE_BLR_002,TXN_STORE_BLR_002_0283,2026-03-03T09:34:42Z,2044
STORE_HYD_001,TXN_STORE_HYD_001_0005,2026-03-03T09:34:57Z,3632
STORE_HYD_001,TXN_STORE_HYD_001_0009,2026-03-03T09:35:00Z,3122
STORE_BLR_001,TXN_STORE_BLR_001_0250,2026-03-03T09:36:03Z,4700
STORE_BLR_002,TXN_STORE_BLR_002_0040,2026-03-03T09:36:26Z,2216
STORE_DEL_001,TXN_STORE_DEL_001_0094,2026-03-03T09:47:14Z,3478
STORE_HYD_001,TXN_STORE_HYD_001_0149,2026-03-03T09:47:21Z,3363
STORE_MUM_001,TXN_STORE_MUM_001_0322,2026-03-03T09:50:02Z,4493
STORE_BLR_001,TXN_STORE_BLR_001_0187,2026-03-03T09:51:14Z,3764
STORE_MUM_001,TXN_STORE_MUM_001_0116,2026-03-03T09:56:18Z,3233
STORE_BLR_001,TXN_STORE_BLR_001_0023,2026-03-03T09:57:25Z,4356
STORE_DEL_001,TXN_STORE_DEL_001_0074,2026-03-03T09:59:32Z,1371
STORE_MUM_001,TXN_STORE_MUM_001_0346,2026-03-03T09:59:47Z,4987
STORE_HYD_001,TXN_STORE_HYD_001_0007,2026-03-03T09:59:53Z,3108
STORE_BLR_002,TXN_STORE_BLR_002_0340,2026-03-03T09:59:56Z,1768
STORE_BLR_002,TXN_STORE_BLR_002_0022,2026-03-03T10:00:16Z,1419
STORE_DEL_001,TXN_STORE_DEL_001_0212,2026-03-03T10:01:17Z,396
STORE_MUM_001,TXN_STORE_MUM_001_0093,2026-03-03T10:01:56Z,3674
STORE_BLR_002,TXN_STORE_BLR_002_0193,2026-03-03T10:02:30Z,3892
STORE_DEL_001,TXN_STORE_DEL_001_0348,2026-03-03T10:07:02Z,1589
STORE_MUM_001,TXN_STORE_MUM_001_0279,2026-03-03T10:08:29Z,1458
STORE_MUM_001,TXN_STORE_MUM_001_0298,2026-03-03T10:09:59Z,2964
STORE_HYD_001,TXN_STORE_HYD_001_0047,2026-03-03T10:10:24Z,4803
STORE_HYD_001,TXN_STORE_HYD_001_0221,2026-03-03T10:12:06Z,3126
STORE_BLR_002,TXN_STORE_BLR_002_0199,2026-03-03T10:13:00Z,4665
STORE_HYD_001,TXN_STORE_HYD_001_0336,2026-03-03T10:14:17Z,1084
STORE_DEL_001,TXN_STORE_DEL_001_0344,2026-03-03T10:14:34Z,2368
STORE_MUM_001,TXN_STORE_MUM_001_0356,2026-03-03T10:20:44Z,1936
STORE_BLR_001,TXN_STORE_BLR_001_0227,2026-03-03T10:26:46Z,2296
STORE_DEL_001,TXN_STORE_DEL_001_0218,2026-03-03T10:29:13Z,4235
STORE_BLR_002,TXN_STORE_BLR_002_0238,2026-03-03T10:30:09Z,3761
STORE_DEL_001,TXN_STORE_DEL_001_0203,2026-03-03T10:30:36Z,4263
STORE_BLR_001,TXN_STORE_BLR_001_0125,2026-03-03T10:33:23Z,828
STORE_BLR_002,TXN_STORE_BLR_002_0316,2026-03-03T10:35:55Z,4939
STORE_DEL_001,TXN_STORE_DEL_001_0273,2026-03-03T10:39:11Z,2997
STORE_MUM_001,TXN_STORE_MUM_001_0120,2026-03-03T10:40:09Z,4212
STORE_BLR_001,TXN_STORE_BLR_001_0053,2026-03-03T10:42:09Z,3424
STORE_BLR_001,TXN_STORE_BLR_001_0197,2026-03-03T10:42:42Z,1041
STORE_DEL_001,TXN_STORE_DEL_001_0123,2026-03-03T10:45:45Z,3160
STORE_BLR_001,TXN_STORE_BLR_001_0036,2026-03-03T10:45:47Z,3178
STORE_MUM_001,TXN_STORE_MUM_001_0241,2026-03-03T10:47:26Z,2378
STORE_BLR_001,TXN_STORE_BLR_001_0138,2026-03-03T10:50:42Z,2236
STORE_MUM_001,TXN_STORE_MUM_001_0180,2026-03-03T10:53:19Z,376
STORE_DEL_001,TXN_STORE_DEL_001_0330,2026-03-03T10:55:11Z,1670
STORE_HYD_001,TXN_STORE_HYD_001_0312,2026-03-03T10:56:11Z,340
STORE_MUM_001,TXN_STORE_MUM_001_0198,2026-03-03T10:57:34Z,3104
STORE_HYD_001,TXN_STORE_HYD_001_0087,2026-03-03T10:57:41Z,1521
STORE_HYD_001,TXN_STORE_HYD_001_0018,2026-03-03T11:06:16Z,2973
STORE_BLR_002,TXN_STORE_BLR_002_0044,2026-03-03T11:07:25Z,796
STORE_MUM_001,TXN_STORE_MUM_001_0134,2026-03-03T11:07:58Z,1960
STORE_DEL_001,TXN_STORE_DEL_001_0329,2026-03-03T11:08:34Z,1735
STORE_DEL_001,TXN_STORE_DEL_001_0099,2026-03-03T11:13:24Z,1184
STORE_BLR_001,TXN_STORE_BLR_001_0060,2026-03-03T11:16:19Z,2550
STORE_BLR_001,TXN_STORE_BLR_001_0284,2026-03-03T11:16:47Z,4497
STORE_BLR_002,TXN_STORE_BLR_002_0128,2026-03-03T11:16:56Z,4706
STORE_HYD_001,TXN_STORE_HYD_001_0105,2026-03-03T11:19:33Z,4104
STORE_DEL_001,TXN_STORE_DEL_001_0339,2026-03-03T11:21:25Z,3093
STORE_BLR_001,TXN_STORE_BLR_001_0143,2026-03-03T11:26:15Z,2572
STORE_DEL_001,TXN_STORE_DEL_001_0141,2026-03-03T11:27:26Z,2281
STORE_BLR_002,TXN_STORE_BLR_002_0135,2026-03-03T11:29:38Z,3804
STORE_DEL_001,TXN_STORE_DEL_001_0114,2026-03-03T11:33:46Z,4573
STORE_BLR_001,TXN_STORE_BLR_001_0042,2026-03-03T11:39:40Z,3907
STORE_BLR_002,TXN_STORE_BLR_002_0305,2026-03-03T11:40:08Z,2387
STORE_DEL_001,TXN_STORE_DEL_001_0242,2026-03-03T11:43:18Z,766
STORE_BLR_002,TXN_STORE_BLR_002_0274,2026-03-03T11:44:33Z,357
STORE_DEL_001,TXN_STORE_DEL_001_0034,2026-03-03T11:45:37Z,2849
STORE_HYD_001,TXN_STORE_HYD_001_0133,2026-03-03T11:45:53Z,3419
STORE_BLR_001,TXN_STORE_BLR_001_0058,2026-03-03T11:46:05Z,2150
STORE_MUM_001,TXN_STORE_MUM_001_0168,2026-03-03T11:48:45Z,2322
STORE_DEL_001,TXN_STORE_DEL_001_0104,2026-03-03T11:51:04Z,816
STORE_HYD_001,TXN_STORE_HYD_001_0070,2026-03-03T11:57:25Z,749
STORE_MUM_001,TXN_STORE_MUM_001_0029,2026-03-03T11:57:28Z,3835
STORE_MUM_001,TXN_STORE_MUM_001_0006,2026-03-03T11:57:42Z,4573
STORE_HYD_001,TXN_STORE_HYD_001_0282,2026-03-03T12:00:39Z,1194
STORE_BLR_001,TXN_STORE_BLR_001_0052,2026-03-03T12:02:24Z,1034
STORE_HYD_001,TXN_STORE_HYD_001_0345,2026-03-03T12:03:14Z,657
STORE_BLR_001,TXN_STORE_BLR_001_0163,2026-03-03T12:08:25Z,2239
STORE_DEL_001,TXN_STORE_DEL_001_0159,2026-03-03T12:09:22Z,1947
STORE_HYD_001,TXN_STORE_HYD_001_0332,2026-03-03T12:09:42Z,2789
STORE_MUM_001,TXN_STORE_MUM_001_0113,2026-03-03T12:11:42Z,3764
STORE_HYD_001,TXN_STORE_HYD_001_0016,2026-03-03T12:12:29Z,4804
STORE_BLR_002,TXN_STORE_BLR_002_0152,2026-03-03T12:21:56Z,1356
STORE_BLR_001,TXN_STORE_BLR_001_0145,2026-03-03T12:24:09Z,2922
STORE_DEL_001,TXN_STORE_DEL_001_0209,2026-03-03T12:26:41Z,1668
STORE_BLR_002,TXN_STORE_BLR_002_0059,2026-03-03T12:26:42Z,656
STORE_BLR_001,TXN_STORE_BLR_001_0195,2026-03-03T12:28:23Z,4747
STORE_BLR_001,TXN_STORE_BLR_001_0049,2026-03-03T12:35:14Z,4417
STORE_MUM_001,TXN_STORE_MUM_001_0124,2026-03-03T12:36:36Z,2262
STORE_MUM_001,TXN_STORE_MUM_001_0098,2026-03-03T12:39:13Z,3736
STORE_MUM_001,TXN_STORE_MUM_001_0301,2026-03-03T12:40:01Z,2407
STORE_BLR_001,TXN_STORE_BLR_001_0231,2026-03-03T12:42:13Z,4184
STORE_MUM_001,TXN_STORE_MUM_001_0236,2026-03-03T12:42:38Z,3311
STORE_HYD_001,TXN_STORE_HYD_001_0021,2026-03-03T12:50:53Z,3142
STORE_BLR_002,TXN_STORE_BLR_002_0321,2026-03-03T12:53:18Z,932
STORE_BLR_002,TXN_STORE_BLR_002_0107,2026-03-03T12:59:08Z,4712
STORE_BLR_001,TXN_STORE_BLR_001_0024,2026-03-03T13:06:20Z,4992
STORE_BLR_001,TXN_STORE_BLR_001_0171,2026-03-03T13:06:41Z,4619
STORE_BLR_002,TXN_STORE_BLR_002_0111,2026-03-03T13:09:59Z,1808
STORE_BLR_001,TXN_STORE_BLR_001_0103,2026-03-03T13:10:49Z,3167
STORE_BLR_002,TXN_STORE_BLR_002_0237,2026-03-03T13:13:02Z,3691
STORE_BLR_002,TXN_STORE_BLR_002_0077,2026-03-03T13:13:51Z,410
STORE_HYD_001,TXN_STORE_HYD_001_0157,2026-03-03T13:14:19Z,3409
STORE_HYD_001,TXN_STORE_HYD_001_0318,2026-03-03T13:15:27Z,3806
STORE_MUM_001,TXN_STORE_MUM_001_0057,2026-03-03T13:15:44Z,1524
STORE_DEL_001,TXN_STORE_DEL_001_0091,2026-03-03T13:16:18Z,4188
STORE_BLR_002,TXN_STORE_BLR_002_0233,2026-03-03T13:18:00Z,3302
STORE_HYD_001,TXN_STORE_HYD_001_0181,2026-03-03T13:20:00Z,4051
STORE_MUM_001,TXN_STORE_MUM_001_0151,2026-03-03T13:20:27Z,2364
STORE_HYD_001,TXN_STORE_HYD_001_0010,2026-03-03T13:24:52Z,267
STORE_DEL_001,TXN_STORE_DEL_001_0251,2026-03-03T13:28:02Z,302
STORE_MUM_001,TXN_STORE_MUM_001_0291,2026-03-03T13:31:52Z,900
STORE_DEL_001,TXN_STORE_DEL_001_0225,2026-03-03T13:35:10Z,1847
STORE_MUM_001,TXN_STORE_MUM_001_0331,2026-03-03T13:36:31Z,1404
STORE_MUM_001,TXN_STORE_MUM_001_0278,2026-03-03T13:40:53Z,782
STORE_BLR_002,TXN_STORE_BLR_002_0182,2026-03-03T13:42:50Z,226
STORE_HYD_001,TXN_STORE_HYD_001_0290,2026-03-03T13:42:50Z,1400
STORE_BLR_001,TXN_STORE_BLR_001_0142,2026-03-03T13:45:16Z,2567
STORE_BLR_002,TXN_STORE_BLR_002_0319,2026-03-03T13:45:29Z,1168
STORE_DEL_001,TXN_STORE_DEL_001_0188,2026-03-03T13:46:48Z,1535
STORE_HYD_001,TXN_STORE_HYD_001_0132,2026-03-03T13:46:51Z,887
STORE_DEL_001,TXN_STORE_DEL_001_0112,2026-03-03T13:47:44Z,4835
STORE_HYD_001,TXN_STORE_HYD_001_0310,2026-03-03T13:47:54Z,4620
STORE_MUM_001,TXN_STORE_MUM_001_0048,2026-03-03T13:53:19Z,2075
STORE_BLR_002,TXN_STORE_BLR_002_0202,2026-03-03T13:55:15Z,1151
STORE_MUM_001,TXN_STORE_MUM_001_0189,2026-03-03T13:58:01Z,729
STORE_DEL_001,TXN_STORE_DEL_001_0069,2026-03-03T14:00:15Z,3084
STORE_MUM_001,TXN_STORE_MUM_001_0032,2026-03-03T14:00:49Z,2576
STORE_BLR_001,TXN_STORE_BLR_001_0088,2026-03-03T14:04:48Z,2982
STORE_HYD_001,TXN_STORE_HYD_001_0347,2026-03-03T14:06:29Z,3798
STORE_HYD_001,TXN_STORE_HYD_001_0214,2026-03-03T14:13:10Z,389
STORE_HYD_001,TXN_STORE_HYD_001_0324,2026-03-03T14:15:10Z,1992
STORE_BLR_002,TXN_STORE_BLR_002_0325,2026-03-03T14:24:33Z,234
STORE_DEL_001,TXN_STORE_DEL_001_0102,2026-03-03T14:38:45Z,1903
STORE_MUM_001,TXN_STORE_MUM_001_0146,2026-03-03T15:03:53Z,2256
STORE_DEL_001,TXN_STORE_DEL_001_0323,2026-03-03T15:09:01Z,1988
STORE_DEL_001,TXN_STORE_DEL_001_0082,2026-03-03T15:13:27Z,1143
STORE_HYD_001,TXN_STORE_HYD_001_0097,2026-03-03T15:14:26Z,1885
STORE_BLR_002,TXN_STORE_BLR_002_0175,2026-03-03T15:18:22Z,4401
STORE_DEL_001,TXN_STORE_DEL_001_0055,2026-03-03T15:22:40Z,2389
STORE_DEL_001,TXN_STORE_DEL_001_0326,2026-03-03T15:34:23Z,338
STORE_BLR_002,TXN_STORE_BLR_002_0075,2026-03-03T15:39:55Z,2173
STORE_HYD_001,TXN_STORE_HYD_001_0247,2026-03-03T15:40:16Z,3916
STORE_BLR_001,TXN_STORE_BLR_001_0095,2026-03-03T15:43:40Z,4047
STORE_BLR_001,TXN_STORE_BLR_001_0164,2026-03-03T15:44:29Z,756
STORE_DEL_001,TXN_STORE_DEL_001_0154,2026-03-03T15:46:20Z,1364
STORE_BLR_002,TXN_STORE_BLR_002_0073,2026-03-03T15:53:55Z,4120
STORE_BLR_002,TXN_STORE_BLR_002_0304,2026-03-03T16:01:40Z,3174
STORE_BLR_002,TXN_STORE_BLR_002_0166,2026-03-03T16:06:12Z,804
STORE_BLR_001,TXN_STORE_BLR_001_0263,2026-03-03T16:10:39Z,3717
STORE_BLR_001,TXN_STORE_BLR_001_0320,2026-03-03T16:13:24Z,1783
STORE_BLR_002,TXN_STORE_BLR_002_0275,2026-03-03T16:16:09Z,2659
STORE_HYD_001,TXN_STORE_HYD_001_0173,2026-03-03T16:17:00Z,4576
STORE_MUM_001,TXN_STORE_MUM_001_0281,2026-03-03T16:26:00Z,2127
STORE_BLR_001,TXN_STORE_BLR_001_0072,2026-03-03T16:26:52Z,1492
STORE_HYD_001,TXN_STORE_HYD_001_0025,2026-03-03T16:27:25Z,907
STORE_DEL_001,TXN_STORE_DEL_001_0327,2026-03-03T16:28:26Z,1978
STORE_DEL_001,TXN_STORE_DEL_001_0314,2026-03-03T16:32:00Z,4156
STORE_DEL_001,TXN_STORE_DEL_001_0035,2026-03-03T16:36:29Z,1186
STORE_DEL_001,TXN_STORE_DEL_001_0258,2026-03-03T16:38:00Z,4757
STORE_BLR_001,TXN_STORE_BLR_001_0140,2026-03-03T16:38:18Z,3546
STORE_BLR_001,TXN_STORE_BLR_001_0136,2026-03-03T16:39:30Z,2826
STORE_DEL_001,TXN_STORE_DEL_001_0061,2026-03-03T16:40:03Z,2312
STORE_BLR_002,TXN_STORE_BLR_002_0255,2026-03-03T16:43:16Z,1427
STORE_BLR_001,TXN_STORE_BLR_001_0306,2026-03-03T16:44:19Z,3763
STORE_BLR_002,TXN_STORE_BLR_002_0311,2026-03-03T16:44:50Z,209
STORE_BLR_001,TXN_STORE_BLR_001_0064,2026-03-03T16:48:11Z,3478
STORE_DEL_001,TXN_STORE_DEL_001_0001,2026-03-03T16:48:27Z,4410
STORE_MUM_001,TXN_STORE_MUM_001_0041,2026-03-03T16:49:11Z,3077
STORE_HYD_001,TXN_STORE_HYD_001_0026,2026-03-03T16:50:01Z,3961
STORE_HYD_001,TXN_STORE_HYD_001_0354,2026-03-03T16:50:25Z,917
STORE_HYD_001,TXN_STORE_HYD_001_0252,2026-03-03T16:52:12Z,1140
STORE_BLR_002,TXN_STORE_BLR_002_0285,2026-03-03T16:52:38Z,1902
STORE_BLR_002,TXN_STORE_BLR_002_0244,2026-03-03T16:54:37Z,2122
STORE_DEL_001,TXN_STORE_DEL_001_0033,2026-03-03T16:54:49Z,634
STORE_BLR_001,TXN_STORE_BLR_001_0119,2026-03-03T16:56:23Z,3641
STORE_DEL_001,TXN_STORE_DEL_001_0153,2026-03-03T16:57:44Z,2803
STORE_HYD_001,TXN_STORE_HYD_001_0277,2026-03-03T16:58:30Z,1699
STORE_BLR_002,TXN_STORE_BLR_002_0160,2026-03-03T17:00:50Z,3684
STORE_DEL_001,TXN_STORE_DEL_001_0289,2026-03-03T17:02:43Z,4252
STORE_HYD_001,TXN_STORE_HYD_001_0240,2026-03-03T17:03:07Z,4046
STORE_DEL_001,TXN_STORE_DEL_001_0172,2026-03-03T17:11:03Z,1864
STORE_MUM_001,TXN_STORE_MUM_001_0170,2026-03-03T17:14:37Z,3286
STORE_HYD_001,TXN_STORE_HYD_001_0224,2026-03-03T17:16:59Z,3253
STORE_BLR_001,TXN_STORE_BLR_001_0351,2026-03-03T17:19:34Z,3948
STORE_MUM_001,TXN_STORE_MUM_001_0078,2026-03-03T17:20:04Z,2878
STORE_BLR_002,TXN_STORE_BLR_002_0349,2026-03-03T17:27:17Z,3355
STORE_BLR_002,TXN_STORE_BLR_002_0017,2026-03-03T17:28:50Z,3264
STORE_BLR_002,TXN_STORE_BLR_002_0191,2026-03-03T17:31:44Z,616
STORE_HYD_001,TXN_STORE_HYD_001_0184,2026-03-03T17:33:25Z,2900
STORE_BLR_002,TXN_STORE_BLR_002_0186,2026-03-03T17:34:14Z,3033
STORE_BLR_001,TXN_STORE_BLR_001_0043,2026-03-03T17:35:02Z,257
STORE_BLR_002,TXN_STORE_BLR_002_0248,2026-03-03T17:36:15Z,3820
STORE_BLR_001,TXN_STORE_BLR_001_0205,2026-03-03T17:36:28Z,2348
STORE_MUM_001,TXN_STORE_MUM_001_0302,2026-03-03T17:38:34Z,2005
STORE_HYD_001,TXN_STORE_HYD_001_0155,2026-03-03T17:40:16Z,4757
STORE_HYD_001,TXN_STORE_HYD_001_0192,2026-03-03T17:40:26Z,4235
STORE_BLR_002,TXN_STORE_BLR_002_0013,2026-03-03T17:45:54Z,3905
STORE_BLR_001,TXN_STORE_BLR_001_0008,2026-03-03T17:49:18Z,1566
STORE_MUM_001,TXN_STORE_MUM_001_0020,2026-03-03T17:50:52Z,1671
STORE_MUM_001,TXN_STORE_MUM_001_0293,2026-03-03T17:54:52Z,2917
STORE_BLR_002,TXN_STORE_BLR_002_0086,2026-03-03T17:56:14Z,3484
STORE_BLR_002,TXN_STORE_BLR_002_0308,2026-03-03T17:57:50Z,1885
STORE_BLR_001,TXN_STORE_BLR_001_0213,2026-03-03T17:58:49Z,221
STORE_MUM_001,TXN_STORE_MUM_001_0245,2026-03-03T17:59:34Z,4359
STORE_MUM_001,TXN_STORE_MUM_001_0295,2026-03-03T17:59:39Z,4417
STORE_BLR_001,TXN_STORE_BLR_001_0243,2026-03-03T18:04:10Z,4338
STORE_MUM_001,TXN_STORE_MUM_001_0271,2026-03-03T18:12:46Z,4495
STORE_HYD_001,TXN_STORE_HYD_001_0122,2026-03-03T18:14:21Z,1409
STORE_DEL_001,TXN_STORE_DEL_001_0174,2026-03-03T18:16:41Z,3919
STORE_MUM_001,TXN_STORE_MUM_001_0004,2026-03-03T18:20:52Z,3145
STORE_DEL_001,TXN_STORE_DEL_001_0110,2026-03-03T18:26:23Z,1973
STORE_HYD_001,TXN_STORE_HYD_001_0211,2026-03-03T18:29:39Z,3462
STORE_HYD_001,TXN_STORE_HYD_001_0177,2026-03-03T18:34:47Z,2956
STORE_HYD_001,TXN_STORE_HYD_001_0357,2026-03-03T18:36:37Z,1651
STORE_DEL_001,TXN_STORE_DEL_001_0303,2026-03-03T18:36:49Z,3859
STORE_BLR_001,TXN_STORE_BLR_001_0249,2026-03-03T18:37:15Z,862
STORE_BLR_002,TXN_STORE_BLR_002_0067,2026-03-03T18:38:24Z,2700
STORE_HYD_001,TXN_STORE_HYD_001_0039,2026-03-03T18:39:32Z,1462
STORE_MUM_001,TXN_STORE_MUM_001_0117,2026-03-03T18:39:53Z,1552
STORE_BLR_002,TXN_STORE_BLR_002_0019,2026-03-03T18:42:08Z,3909
STORE_BLR_001,TXN_STORE_BLR_001_0200,2026-03-03T18:42:28Z,582
STORE_HYD_001,TXN_STORE_HYD_001_0204,2026-03-03T18:43:05Z,4370
STORE_DEL_001,TXN_STORE_DEL_001_0045,2026-03-03T18:44:21Z,772
STORE_BLR_001,TXN_STORE_BLR_001_0144,2026-03-03T18:46:29Z,966
STORE_BLR_001,TXN_STORE_BLR_001_0179,2026-03-03T18:46:44Z,2651
STORE_MUM_001,TXN_STORE_MUM_001_0176,2026-03-03T18:47:09Z,4973
STORE_DEL_001,TXN_STORE_DEL_001_0343,2026-03-03T18:50:09Z,683
STORE_BLR_002,TXN_STORE_BLR_002_0108,2026-03-03T18:50:45Z,1885
STORE_BLR_001,TXN_STORE_BLR_001_0165,2026-03-03T18:51:55Z,4353
STORE_HYD_001,TXN_STORE_HYD_001_0232,2026-03-03T18:54:13Z,1290
STORE_DEL_001,TXN_STORE_DEL_001_0287,2026-03-03T18:55:56Z,1782
STORE_BLR_001,TXN_STORE_BLR_001_0239,2026-03-03T18:56:33Z,4858
STORE_MUM_001,TXN_STORE_MUM_001_0003,2026-03-03T18:56:34Z,2015
STORE_DEL_001,TXN_STORE_DEL_001_0334,2026-03-03T18:57:06Z,1129
STORE_BLR_001,TXN_STORE_BLR_001_0235,2026-03-03T19:00:29Z,1510
STORE_HYD_001,TXN_STORE_HYD_001_0129,2026-03-03T19:01:11Z,2768
STORE_BLR_001,TXN_STORE_BLR_001_0262,2026-03-03T19:01:33Z,2386
STORE_MUM_001,TXN_STORE_MUM_001_0219,2026-03-03T19:01:56Z,4481
STORE_BLR_002,TXN_STORE_BLR_002_0089,2026-03-03T19:03:25Z,1584
STORE_MUM_001,TXN_STORE_MUM_001_0046,2026-03-03T19:04:55Z,3219
STORE_BLR_002,TXN_STORE_BLR_002_0066,2026-03-03T19:08:12Z,3907
STORE_BLR_001,TXN_STORE_BLR_001_0158,2026-03-03T19:10:30Z,1302
STORE_DEL_001,TXN_STORE_DEL_001_0207,2026-03-03T19:12:37Z,2497
STORE_HYD_001,TXN_STORE_HYD_001_0210,2026-03-03T19:18:24Z,3125
STORE_BLR_001,TXN_STORE_BLR_001_0317,2026-03-03T19:19:07Z,3111
STORE_BLR_001,TXN_STORE_BLR_001_0161,2026-03-03T19:20:01Z,4714
STORE_BLR_002,TXN_STORE_BLR_002_0228,2026-03-03T19:20:08Z,3825
STORE_MUM_001,TXN_STORE_MUM_001_0230,2026-03-03T19:21:57Z,3217
STORE_HYD_001,TXN_STORE_HYD_001_0162,2026-03-03T19:22:12Z,1626
STORE_MUM_001,TXN_STORE_MUM_001_0309,2026-03-03T19:23:21Z,3585
STORE_MUM_001,TXN_STORE_MUM_001_0076,2026-03-03T19:25:20Z,3658
STORE_BLR_002,TXN_STORE_BLR_002_0169,2026-03-03T19:27:45Z,4854
STORE_DEL_001,TXN_STORE_DEL_001_0259,2026-03-03T19:31:20Z,4107
STORE_BLR_001,TXN_STORE_BLR_001_0085,2026-03-03T19:40:03Z,599
STORE_BLR_001,TXN_STORE_BLR_001_0297,2026-03-03T19:41:37Z,4657
STORE_BLR_002,TXN_STORE_BLR_002_0054,2026-03-03T19:42:13Z,2762
STORE_MUM_001,TXN_STORE_MUM_001_0050,2026-03-03T19:47:08Z,4293
STORE_BLR_002,TXN_STORE_BLR_002_0223,2026-03-03T19:47:50Z,2983
STORE_BLR_002,TXN_STORE_BLR_002_0011,2026-03-03T19:49:18Z,3441
STORE_DEL_001,TXN_STORE_DEL_001_0014,2026-03-03T19:50:57Z,1615
STORE_MUM_001,TXN_STORE_MUM_001_0121,2026-03-03T19:52:18Z,1956
STORE_HYD_001,TXN_STORE_HYD_001_0286,2026-03-03T19:53:49Z,262
STORE_DEL_001,TXN_STORE_DEL_001_0101,2026-03-03T19:54:52Z,4324
STORE_BLR_002,TXN_STORE_BLR_002_0056,2026-03-03T19:57:23Z,258
STORE_DEL_001,TXN_STORE_DEL_001_0292,2026-03-03T20:00:20Z,960
STORE_HYD_001,TXN_STORE_HYD_001_0265,2026-03-03T20:00:43Z,3712
STORE_HYD_001,TXN_STORE_HYD_001_0226,2026-03-03T20:02:59Z,353
STORE_HYD_001,TXN_STORE_HYD_001_0178,2026-03-03T20:07:10Z,1797
STORE_MUM_001,TXN_STORE_MUM_001_0063,2026-03-03T20:08:22Z,1622
STORE_HYD_001,TXN_STORE_HYD_001_0270,2026-03-03T20:11:37Z,4763
STORE_MUM_001,TXN_STORE_MUM_001_0342,2026-03-03T20:12:43Z,1067
STORE_DEL_001,TXN_STORE_DEL_001_0096,2026-03-03T20:15:34Z,1589
STORE_BLR_001,TXN_STORE_BLR_001_0062,2026-03-03T20:16:10Z,2479
STORE_HYD_001,TXN_STORE_HYD_001_0148,2026-03-03T20:16:53Z,2702
STORE_BLR_002,TXN_STORE_BLR_002_0267,2026-03-03T20:18:06Z,4179
STORE_BLR_002,TXN_STORE_BLR_002_0051,2026-03-03T20:20:27Z,2512
STORE_HYD_001,TXN_STORE_HYD_001_0299,2026-03-03T20:20:33Z,3646
STORE_DEL_001,TXN_STORE_DEL_001_0268,2026-03-03T20:22:37Z,1527
STORE_BLR_002,TXN_STORE_BLR_002_0229,2026-03-03T20:23:25Z,879
STORE_MUM_001,TXN_STORE_MUM_001_0296,2026-03-03T20:23:38Z,2484
STORE_BLR_002,TXN_STORE_BLR_002_0106,2026-03-03T20:25:03Z,2879
STORE_BLR_002,TXN_STORE_BLR_002_0065,2026-03-03T20:26:33Z,1181
STORE_MUM_001,TXN_STORE_MUM_001_0027,2026-03-03T20:27:12Z,828
STORE_BLR_001,TXN_STORE_BLR_001_0190,2026-03-03T20:30:38Z,2746
STORE_MUM_001,TXN_STORE_MUM_001_0127,2026-03-03T20:34:51Z,3363
STORE_BLR_001,TXN_STORE_BLR_001_0335,2026-03-03T20:35:03Z,539
STORE_MUM_001,TXN_STORE_MUM_001_0294,2026-03-03T20:35:05Z,1620
STORE_MUM_001,TXN_STORE_MUM_001_0079,2026-03-03T20:36:27Z,1147
STORE_MUM_001,TXN_STORE_MUM_001_0220,2026-03-03T20:39:03Z,2628
STORE_HYD_001,TXN_STORE_HYD_001_0350,2026-03-03T20:40:18Z,575
STORE_HYD_001,TXN_STORE_HYD_001_0355,2026-03-03T20:40:56Z,940
STORE_MUM_001,TXN_STORE_MUM_001_0031,2026-03-03T20:45:22Z,4836
STORE_DEL_001,TXN_STORE_DEL_001_0030,2026-03-03T20:45:48Z,1136
STORE_HYD_001,TXN_STORE_HYD_001_0038,2026-03-03T20:49:59Z,4100
STORE_BLR_002,TXN_STORE_BLR_002_0002,2026-03-03T20:50:30Z,1337
STORE_HYD_001,TXN_STORE_HYD_001_0156,2026-03-03T20:50:53Z,3087
STORE_DEL_001,TXN_STORE_DEL_001_0222,2026-03-03T20:51:21Z,2956
STORE_MUM_001,TXN_STORE_MUM_001_0266,2026-03-03T20:51:46Z,3370
STORE_BLR_001,TXN_STORE_BLR_001_0313,2026-03-03T20:53:03Z,4745
STORE_BLR_001,TXN_STORE_BLR_001_0216,2026-03-03T20:54:18Z,3652
STORE_DEL_001,TXN_STORE_DEL_001_0337,2026-03-03T20:55:28Z,2130
STORE_BLR_001,TXN_STORE_BLR_001_0131,2026-03-03T20:55:54Z,1322
STORE_MUM_001,TXN_STORE_MUM_001_0315,2026-03-03T20:58:07Z,1671
STORE_BLR_002,TXN_STORE_BLR_002_0253,2026-03-03T21:00:56Z,2702
STORE_DEL_001,TXN_STORE_DEL_001_0280,2026-03-03T21:07:25Z,1147
STORE_BLR_001,TXN_STORE_BLR_001_0257,2026-03-03T21:08:17Z,920
STORE_BLR_002,TXN_STORE_BLR_002_0137,2026-03-03T21:08:33Z,239
STORE_HYD_001,TXN_STORE_HYD_001_0147,2026-03-03T21:09:48Z,4600
STORE_HYD_001,TXN_STORE_HYD_001_0109,2026-03-03T21:10:32Z,285
STORE_DEL_001,TXN_STORE_DEL_001_0307,2026-03-03T21:16:37Z,2638
STORE_HYD_001,TXN_STORE_HYD_001_0217,2026-03-03T21:19:12Z,3741
STORE_BLR_002,TXN_STORE_BLR_002_0260,2026-03-03T21:19:30Z,1612
STORE_DEL_001,TXN_STORE_DEL_001_0081,2026-03-03T21:20:07Z,545
STORE_MUM_001,TXN_STORE_MUM_001_0276,2026-03-03T21:20:22Z,4960
STORE_BLR_001,TXN_STORE_BLR_001_0100,2026-03-03T21:21:09Z,4363
STORE_DEL_001,TXN_STORE_DEL_001_0084,2026-03-03T21:21:36Z,3615
STORE_MUM_001,TXN_STORE_MUM_001_0080,2026-03-03T21:22:59Z,371
STORE_MUM_001,TXN_STORE_MUM_001_0333,2026-03-03T21:23:31Z,1739
STORE_DEL_001,TXN_STORE_DEL_001_0208,2026-03-03T21:24:27Z,475
STORE_HYD_001,TXN_STORE_HYD_001_0246,2026-03-03T21:29:33Z,2103
STORE_BLR_001,TXN_STORE_BLR_001_0201,2026-03-03T21:30:31Z,3098
STORE_BLR_001,TXN_STORE_BLR_001_0256,2026-03-03T21:30:59Z,2004
STORE_MUM_001,TXN_STORE_MUM_001_0083,2026-03-03T21:32:01Z,212
STORE_BLR_001,TXN_STORE_BLR_001_0338,2026-03-03T21:32:56Z,4241
STORE_HYD_001,TXN_STORE_HYD_001_0261,2026-03-03T21:33:28Z,1994
STORE_DEL_001,TXN_STORE_DEL_001_0254,2026-03-03T21:35:23Z,623
STORE_BLR_002,TXN_STORE_BLR_002_0272,2026-03-03T21:36:17Z,872
STORE_HYD_001,TXN_STORE_HYD_001_0183,2026-03-03T21:37:53Z,2205
STORE_BLR_002,TXN_STORE_BLR_002_0015,2026-03-03T21:38:15Z,1874
STORE_BLR_002,TXN_STORE_BLR_002_0300,2026-03-03T21:42:00Z,1003
STORE_MUM_001,TXN_STORE_MUM_001_0150,2026-03-03T21:45:00Z,4185
STORE_BLR_001,TXN_STORE_BLR_001_0194,2026-03-03T21:46:48Z,4674
STORE_DEL_001,TXN_STORE_DEL_001_0269,2026-03-03T21:47:03Z,3281
STORE_BLR_001,TXN_STORE_BLR_001_0167,2026-03-03T21:48:40Z,1798
STORE_BLR_002,TXN_STORE_BLR_002_0130,2026-03-03T21:49:16Z,657
STORE_DEL_001,TXN_STORE_DEL_001_0012,2026-03-03T21:50:50Z,4033
STORE_HYD_001,TXN_STORE_HYD_001_0092,2026-03-03T21:55:20Z,2982
STORE_BLR_001,TXN_STORE_BLR_001_0126,2026-03-03T21:56:04Z,3204
STORE_MUM_001,TXN_STORE_MUM_001_0090,2026-03-03T21:57:45Z,1784
STORE_BLR_002,TXN_STORE_BLR_002_0234,2026-03-03T21:58:39Z,4635
STORE_MUM_001,TXN_STORE_MUM_001_0037,2026-03-03T22:03:45Z,1435
STORE_BLR_001,TXN_STORE_BLR_001_0139,2026-03-03T22:03:46Z,4125
STORE_BLR_001,TXN_STORE_BLR_001_0118,2026-03-03T22:10:48Z,760
STORE_MUM_001,TXN_STORE_MUM_001_0215,2026-03-03T22:15:51Z,2043
STORE_BLR_002,TXN_STORE_BLR_002_0264,2026-03-03T22:15:59Z,2360
STORE_HYD_001,TXN_STORE_HYD_001_0352,2026-03-03T22:18:17Z,1747
STORE_MUM_001,TXN_STORE_MUM_001_0115,2026-03-03T22:24:35Z,1875
STORE_BLR_001,TXN_STORE_BLR_001_0328,2026-03-03T22:42:50Z,2380
STORE_DEL_001,TXN_STORE_DEL_001_0196,2026-03-04T00:30:44Z,3416
STORE_MUM_001,TXN_STORE_MUM_001_0028,2026-03-04T00:45:18Z,1715
STORE_HYD_001,TXN_STORE_HYD_001_0353,2026-03-04T02:02:45Z,4114
